,SINAPI_SUDESTE,SELIC_ACUM,IPCA_MENSAL,CAMBIO_USD
2010-01-01,802.5074999999999,0.66,0.75,1.779
2010-02-01,804.5624999999999,0.59,0.78,1.8408
2010-03-01,815.035,0.76,0.52,1.785
2010-04-01,817.0699999999999,0.67,0.57,1.7558
2010-05-01,828.58,0.75,0.43,1.8124
2010-06-01,832.6875,0.79,0.0,1.8057
2010-07-01,836.5574999999999,0.86,0.01,1.7688
2010-08-01,843.7675,0.89,0.04,1.7588
2010-09-01,845.835,0.85,0.45,1.7179
2010-10-01,846.9449999999999,0.81,0.75,1.6827
2010-11-01,859.94,0.81,0.83,1.7125
2010-12-01,862.1925,0.93,0.63,1.6926
2011-01-01,864.1025,0.86,0.83,1.6741
2011-02-01,865.845,0.84,0.8,1.6672
2011-03-01,877.55,0.92,0.79,1.6583
2011-04-01,878.47,0.84,0.77,1.5856
2011-05-01,888.6225,0.99,0.47,1.6127
2011-06-01,896.95,0.96,0.15,1.5862
2011-07-01,898.855,0.97,0.16,1.5631
2011-08-01,903.655,1.07,0.37,1.5962
2011-09-01,907.3299999999999,0.94,0.53,1.749
2011-10-01,910.89,0.88,0.43,1.7719
2011-11-01,911.3299999999999,0.86,0.52,1.7898
2011-12-01,913.1075,0.91,0.5,1.8362
2012-01-01,925.275,0.89,0.56,1.789
2012-02-01,930.0225,0.75,0.45,1.7178
2012-03-01,931.8475000000001,0.82,0.21,1.7947
2012-04-01,943.8149999999999,0.71,0.64,1.8542
2012-05-01,951.8375,0.74,0.36,1.9854
2012-06-01,958.37,0.64,0.08,2.0486
2012-07-01,960.0325,0.68,0.43,2.0282
2012-08-01,962.6825,0.69,0.41,2.0289
2012-09-01,963.875,0.54,0.57,2.0275
2012-10-01,967.3050000000001,0.61,0.59,2.0293
2012-11-01,972.72,0.55,0.6,2.0672
2012-12-01,974.6925000000001,0.55,0.79,2.0772
2013-01-01,976.6575,0.6,0.86,2.0305
2013-02-01,988.47,0.49,0.6,1.9727
2013-03-01,987.8199999999999,0.55,0.47,1.9823
2013-04-01,1000.24,0.61,0.55,2.0016
2013-05-01,951.0825,0.6,0.37,2.0343
2013-06-01,1026.9125,0.61,0.26,2.1724
2013-07-01,963.795,0.72,0.03,2.2516
2013-08-01,965.75,0.71,0.24,2.3416
2013-09-01,967.7125,0.71,0.35,2.2699
2013-10-01,968.2674999999999,0.81,0.57,2.1881
2013-11-01,970.4524999999999,0.72,0.54,2.2947
2013-12-01,981.6824999999999,0.79,0.92,2.3449
2014-01-01,985.6724999999999,0.85,0.55,2.3816
2014-02-01,990.2574999999999,0.79,0.69,2.3831
2014-03-01,997.3325,0.77,0.92,2.3255
2014-04-01,1001.0425,0.82,0.67,2.2322
2014-05-01,1016.6975,0.87,0.46,2.2203
2014-06-01,1028.9775,0.82,0.4,2.2349
2014-07-01,1030.095,0.95,0.01,2.224
2014-08-01,1034.6275,0.87,0.25,2.2674
2014-09-01,1038.02,0.91,0.57,2.3323
2014-10-01,1043.0875,0.95,0.42,2.4476
2014-11-01,1043.3125,0.84,0.51,2.5477
2014-12-01,1055.3325,0.96,0.78,2.6387
2015-01-01,1058.4175,0.94,1.24,2.6336
2015-02-01,1060.31,0.82,1.22,2.8158
2015-03-01,1058.1225,1.04,1.32,3.1389
2015-04-01,1061.6475,0.95,0.71,3.0426
2015-05-01,1082.3274999999999,0.99,0.74,3.0611
2015-06-01,1096.9424999999999,1.07,0.79,3.1111
2015-07-01,1105.3174999999999,1.18,0.62,3.2225
2015-08-01,1110.9475,1.11,0.22,3.5137
2015-09-01,1107.8899999999999,1.11,0.54,3.9058
2015-10-01,1108.865,1.11,0.82,3.8795
2015-11-01,1111.3125,1.06,1.01,3.7758
2015-12-01,1109.2975,1.16,0.96,3.8705
2016-01-01,1112.15,1.06,1.27,4.0517
2016-02-01,1119.61,1.0,0.9,3.9731
2016-03-01,1135.1599999999999,1.16,0.43,3.7033
2016-04-01,1136.43,1.06,0.61,3.5652
2016-05-01,1146.8175,1.11,0.78,3.5387
2016-06-01,1164.015,1.16,0.35,3.4239
2016-07-01,1163.8549999999998,1.11,0.52,3.275
2016-08-01,1166.1025,1.22,0.44,3.2091
2016-09-01,1167.3875,1.11,0.08,3.2558
2016-10-01,1173.6725000000001,1.05,0.26,3.1852
2016-11-01,1177.3225,1.04,0.18,3.3414
2016-12-01,1179.595,1.12,0.3,3.3517
2017-01-01,1181.2375,1.09,0.38,3.196
2017-02-01,1182.31,0.87,0.33,3.1036
2017-03-01,1189.715,1.05,0.25,3.1273
2017-04-01,1191.7125,0.79,0.14,3.1356
2017-05-01,1190.6075,0.93,0.31,3.2087
2017-06-01,1194.5425,0.81,-0.23,3.2948
2017-07-01,1206.63,0.8,0.24,3.2055
2017-08-01,1208.1675,0.8,0.19,3.1503
2017-09-01,1208.825,0.64,0.16,3.1342
2017-10-01,1211.6399999999999,0.64,0.42,3.1906
2017-11-01,1214.8025,0.57,0.28,3.2587
2017-12-01,1212.865,0.54,0.44,3.2913
2018-01-01,1216.34,0.58,0.29,3.21
2018-02-01,1216.74,0.47,0.32,3.2409
2018-03-01,1216.3025,0.53,0.09,3.2786
2018-04-01,1220.305,0.52,0.22,3.4069
2018-05-01,1224.1299999999999,0.52,0.4,3.6355
2018-06-01,1232.825,0.52,1.26,3.7726
2018-07-01,1237.3725,0.54,0.33,3.8281
2018-08-01,1242.7024999999999,0.57,-0.09,3.9292
2018-09-01,1249.3725,0.47,0.48,4.1159
2018-10-01,1251.8700000000001,0.54,0.45,3.7578
2018-11-01,1255.7924999999998,0.49,-0.21,3.786
2018-12-01,1249.2675,0.49,0.15,3.8844
2019-01-01,1261.5900000000001,0.54,0.32,3.7411
2019-02-01,1262.6675,0.49,0.43,3.723
2019-03-01,1268.065,0.47,0.75,3.8459
2019-04-01,1267.2225,0.52,0.57,3.8956
2019-05-01,1268.465,0.54,0.13,4.0009
2019-06-01,1266.0049999999999,0.47,0.01,3.8582
2019-07-01,1278.3025,0.57,0.19,3.7787
2019-08-01,1280.8,0.5,0.11,4.0194
2019-09-01,1291.5425,0.46,-0.04,4.1209
2019-10-01,1294.92,0.48,0.1,4.0864
2019-11-01,1295.165,0.38,0.51,4.1547
2019-12-01,1297.1375,0.37,1.15,4.1089
2020-01-01,1300.32,0.38,0.21,4.1489
2020-02-01,1298.7150000000001,0.29,0.25,4.3404
2020-03-01,1301.375,0.34,0.07,4.8832
2020-04-01,1309.65,0.28,-0.31,5.325
2020-05-01,1310.4325,0.24,-0.38,5.6429
2020-06-01,1316.6125,0.21,0.26,5.196
2020-07-01,1323.7849999999999,0.19,0.36,5.2796
2020-08-01,1333.2524999999998,0.16,0.24,5.4606
2020-09-01,1349.7975000000001,0.16,0.64,5.3989
2020-10-01,1367.51,0.16,0.86,5.6252
2020-11-01,1392.2525,0.15,0.89,5.4172
2020-12-01,1418.085,0.16,1.35,5.1449
2021-01-01,1446.2325,0.15,0.25,5.3556
2021-02-01,1468.1,0.13,0.86,5.4159
2021-03-01,1496.6725000000001,0.2,0.93,5.6455
2021-04-01,1522.0475,0.21,0.31,5.5615
2021-05-01,1563.7825,0.27,0.83,5.2904
2021-06-01,1599.2025,0.31,0.53,5.0313
2021-07-01,1633.6100000000001,0.36,0.96,5.156
2021-08-01,1648.0500000000002,0.43,0.87,5.2511
2021-09-01,1657.8674999999998,0.44,1.16,5.2791
2021-10-01,1676.2,0.49,1.25,5.5394
2021-11-01,1694.76,0.59,0.95,5.5563
2021-12-01,1703.4250000000002,0.77,0.73,5.6506
2022-01-01,1725.155,0.73,0.54,5.5335
2022-02-01,1739.4125,0.76,1.01,5.196
2022-03-01,1755.6174999999998,0.93,1.62,4.9678
2022-04-01,1772.16,0.83,1.06,4.7574
2022-05-01,1817.8125000000002,1.03,0.47,4.9545
2022-06-01,1846.74,1.02,0.67,5.0486
2022-07-01,1863.5100000000002,1.03,-0.68,5.3675
2022-08-01,1875.9625,1.17,-0.36,5.1427
2022-09-01,1877.0049999999999,1.07,-0.29,5.2364
2022-10-01,1877.8200000000002,1.02,0.59,5.2497
2022-11-01,1874.55,1.02,0.41,5.2741
2022-12-01,1874.4125,1.12,0.62,5.2418
2023-01-01,1880.2150000000001,1.12,0.53,5.2001
2023-02-01,1884.365,0.92,0.84,5.1711
2023-03-01,1882.79,1.17,0.71,5.2109
2023-04-01,1896.9,0.92,0.61,5.0191
2023-05-01,1903.06,1.12,0.23,4.9822
2023-06-01,1917.54,1.07,-0.08,4.851
2023-07-01,1925.2575,1.07,0.12,4.8002
2023-08-01,1923.9,1.14,0.23,4.9029
2023-09-01,1917.4125,0.97,0.26,4.9364
2023-10-01,1918.0149999999999,1.0,0.24,5.0642
2023-11-01,1916.535,0.92,0.28,4.8977
2023-12-01,1921.3974999999998,0.89,0.56,4.8966
2024-01-01,1918.045,0.97,0.42,4.9138
2024-02-01,1924.3300000000002,0.8,0.83,4.9638
2024-03-01,1927.2024999999999,0.83,0.16,4.9795
2024-04-01,1937.6650000000002,0.89,0.38,5.1285
2024-05-01,1942.7199999999998,0.83,0.46,5.1324
2024-06-01,1953.2375,0.79,0.21,5.3884
2024-07-01,1957.08,0.91,0.38,5.5414
2024-08-01,1963.9475,0.87,-0.02,5.552
2024-09-01,1970.1425,0.84,0.44,5.541
2024-10-01,1980.65,0.93,0.56,5.6235
2024-11-01,1988.875,0.79,0.39,5.8065
2024-12-01,1990.365,0.93,0.52,6.0964
