,SINAPI_SUDESTE,SELIC_ACUM,IPCA_MENSAL,CAMBIO_USD,COMMODITIES_METAIS,MES,ANO,SELIC_ACUM_LAG1,CAMBIO_USD_LAG1,IPCA_MENSAL_LAG1,COMMODITIES_METAIS_LAG1,CAMBIO_USD_LAG2
2010-03-01,815.035,0.76,0.52,1.785,183.10133565393528,3,2010,0.59,1.8408,0.78,167.3047800953254,1.779
2010-04-01,817.0699999999999,0.67,0.57,1.7558,207.58511948214516,4,2010,0.76,1.785,0.52,183.10133565393528,1.8408
2010-05-01,828.58,0.75,0.43,1.8124,187.033362691158,5,2010,0.67,1.7558,0.57,207.58511948214516,1.785
2010-06-01,832.6875,0.79,0.0,1.8057,170.5537227198278,6,2010,0.75,1.8124,0.43,187.033362691158,1.7558
2010-07-01,836.5574999999999,0.86,0.01,1.7688,164.2057239993336,7,2010,0.79,1.8057,0.0,170.5537227198278,1.8124
2010-08-01,843.7675,0.89,0.04,1.7588,182.31253489892967,8,2010,0.86,1.7688,0.01,164.2057239993336,1.8057
2010-09-01,845.835,0.85,0.45,1.7179,184.6661559282114,9,2010,0.89,1.7588,0.04,182.31253489892967,1.7688
2010-10-01,846.9449999999999,0.81,0.75,1.6827,195.4456195691554,10,2010,0.85,1.7179,0.45,184.6661559282114,1.7588
2010-11-01,859.94,0.81,0.83,1.7125,202.8216070262303,11,2010,0.81,1.6827,0.75,195.4456195691554,1.7179
2010-12-01,862.1925,0.93,0.63,1.6926,213.35857341783355,12,2010,0.81,1.7125,0.83,202.8216070262303,1.6827
2011-01-01,864.1025,0.86,0.83,1.6741,225.05733530971992,1,2011,0.93,1.6926,0.63,213.35857341783355,1.7125
2011-02-01,865.845,0.84,0.8,1.6672,234.6876819702066,2,2011,0.86,1.6741,0.83,225.05733530971992,1.6926
2011-03-01,877.55,0.92,0.79,1.6583,221.3914637159458,3,2011,0.84,1.6672,0.8,234.6876819702066,1.6741
2011-04-01,878.47,0.84,0.77,1.5856,226.94933233843176,4,2011,0.92,1.6583,0.79,221.3914637159458,1.6672
2011-05-01,888.6225,0.99,0.47,1.6127,218.56779416249728,5,2011,0.84,1.5856,0.77,226.94933233843176,1.6583
2011-06-01,896.95,0.96,0.15,1.5862,214.18751540237136,6,2011,0.99,1.6127,0.47,218.56779416249728,1.5856
2011-07-01,898.855,0.97,0.16,1.5631,219.0110102701908,7,2011,0.96,1.5862,0.15,214.18751540237136,1.6127
2011-08-01,903.655,1.07,0.37,1.5962,213.29557861347288,8,2011,0.97,1.5631,0.16,219.0110102701908,1.5862
2011-09-01,907.3299999999999,0.94,0.53,1.749,206.2662896203287,9,2011,1.07,1.5962,0.37,213.29557861347288,1.5631
2011-10-01,910.89,0.88,0.43,1.7719,182.792723143168,10,2011,0.94,1.749,0.53,206.2662896203287,1.5962
2011-11-01,911.3299999999999,0.86,0.52,1.7898,175.1795226435483,11,2011,0.88,1.7719,0.43,182.792723143168,1.749
2011-12-01,913.1075,0.91,0.5,1.8362,174.894371581831,12,2011,0.86,1.7898,0.52,175.1795226435483,1.7719
2012-01-01,925.275,0.89,0.56,1.789,183.21517493492152,1,2012,0.91,1.8362,0.5,174.894371581831,1.7898
2012-02-01,930.0225,0.75,0.45,1.7178,187.27385832963728,2,2012,0.89,1.789,0.56,183.21517493492152,1.8362
2012-03-01,931.8475000000001,0.82,0.21,1.7947,187.70109117684936,3,2012,0.75,1.7178,0.45,187.27385832963728,1.789
2012-04-01,943.8149999999999,0.71,0.64,1.8542,186.17544797309,4,2012,0.82,1.7947,0.21,187.70109117684936,1.7178
2012-05-01,951.8375,0.74,0.36,1.9854,176.1512075800272,5,2012,0.71,1.8542,0.64,186.17544797309,1.7947
2012-06-01,958.37,0.64,0.08,2.0486,169.980411344858,6,2012,0.74,1.9854,0.36,176.1512075800272,1.8542
2012-07-01,960.0325,0.68,0.43,2.0282,166.3589998443644,7,2012,0.64,2.0486,0.08,169.980411344858,1.9854
2012-08-01,962.6825,0.69,0.41,2.0289,154.2096197616202,8,2012,0.68,2.0282,0.43,166.3589998443644,2.0486
2012-09-01,963.875,0.54,0.57,2.0275,156.92482102886547,9,2012,0.69,2.0289,0.41,154.2096197616202,2.0282
2012-10-01,967.3050000000001,0.61,0.59,2.0293,162.63341075335833,10,2012,0.54,2.0275,0.57,156.92482102886547,2.0289
2012-11-01,972.72,0.55,0.6,2.0672,162.6919384617432,11,2012,0.61,2.0293,0.59,162.63341075335833,2.0275
2012-12-01,974.6925000000001,0.55,0.79,2.0772,171.8546458500203,12,2012,0.55,2.0672,0.6,162.6919384617432,2.0293
2013-01-01,976.6575,0.6,0.86,2.0305,183.4136331961707,1,2013,0.55,2.0772,0.79,171.8546458500203,2.0672
2013-02-01,988.47,0.49,0.6,1.9727,185.8054853475464,2,2013,0.6,2.0305,0.86,183.4136331961707,2.0772
2013-03-01,987.8199999999999,0.55,0.47,1.9823,172.5595746694833,3,2013,0.49,1.9727,0.6,185.8054853475464,2.0305
2013-04-01,1000.24,0.61,0.55,2.0016,166.7663672047305,4,2013,0.55,1.9823,0.47,172.5595746694833,1.9727
2013-05-01,951.0825,0.6,0.37,2.0343,159.2366584321249,5,2013,0.61,2.0016,0.55,166.7663672047305,1.9823
2013-06-01,1026.9125,0.61,0.26,2.1724,152.2117107003028,6,2013,0.6,2.0343,0.37,159.2366584321249,2.0016
2013-07-01,963.795,0.72,0.03,2.2516,155.9179886073141,7,2013,0.61,2.1724,0.26,152.2117107003028,2.0343
2013-08-01,965.75,0.71,0.24,2.3416,163.3589575898686,8,2013,0.72,2.2516,0.03,155.9179886073141,2.1724
2013-09-01,967.7125,0.71,0.35,2.2699,160.8628644727259,9,2013,0.71,2.3416,0.24,163.3589575898686,2.2516
2013-10-01,968.2674999999999,0.81,0.57,2.1881,161.1210962471157,10,2013,0.71,2.2699,0.35,160.8628644727259,2.3416
2013-11-01,970.4524999999999,0.72,0.54,2.2947,161.3940224415533,11,2013,0.81,2.1881,0.57,161.1210962471157,2.2699
2013-12-01,981.6824999999999,0.79,0.92,2.3449,162.3848630876393,12,2013,0.72,2.2947,0.54,161.3940224415533,2.1881
2014-01-01,985.6724999999999,0.85,0.55,2.3816,159.4277990853833,1,2014,0.79,2.3449,0.92,162.3848630876393,2.2947
2014-02-01,990.2574999999999,0.79,0.69,2.3831,155.1646948106338,2,2014,0.85,2.3816,0.55,159.4277990853833,2.3449
2014-03-01,997.3325,0.77,0.92,2.3255,147.9823213816586,3,2014,0.79,2.3831,0.69,155.1646948106338,2.3816
2014-04-01,1001.0425,0.82,0.67,2.2322,152.9475347472113,4,2014,0.77,2.3255,0.92,147.9823213816586,2.3831
2014-05-01,1016.6975,0.87,0.46,2.2203,148.8333477191554,5,2014,0.82,2.2322,0.67,152.9475347472113,2.3255
2014-06-01,1028.9775,0.82,0.4,2.2349,145.3522588449871,6,2014,0.87,2.2203,0.46,148.8333477191554,2.2322
2014-07-01,1030.095,0.95,0.01,2.224,149.6688537338658,7,2014,0.82,2.2349,0.4,145.3522588449871,2.2203
2014-08-01,1034.6275,0.87,0.25,2.2674,148.7195742195635,8,2014,0.95,2.224,0.01,149.6688537338658,2.2349
2014-09-01,1038.02,0.91,0.57,2.3323,141.5330731726948,9,2014,0.87,2.2674,0.25,148.7195742195635,2.224
2014-10-01,1043.0875,0.95,0.42,2.4476,134.9894813974993,10,2014,0.91,2.3323,0.57,141.5330731726948,2.2674
2014-11-01,1043.3125,0.84,0.51,2.5477,132.780149837317,11,2014,0.95,2.4476,0.42,134.9894813974993,2.3323
2014-12-01,1055.3325,0.96,0.78,2.6387,125.8763245008556,12,2014,0.84,2.5477,0.51,132.780149837317,2.4476
2015-01-01,1058.4175,0.94,1.24,2.6336,120.2676339064095,1,2015,0.96,2.6387,0.78,125.8763245008556,2.5477
2015-02-01,1060.31,0.82,1.22,2.8158,115.80855492223148,2,2015,0.94,2.6336,1.24,120.2676339064095,2.6387
2015-03-01,1058.1225,1.04,1.32,3.1389,113.2301785120371,3,2015,0.82,2.8158,1.22,115.80855492223148,2.6336
2015-04-01,1061.6475,0.95,0.71,3.0426,111.0729081015553,4,2015,1.04,3.1389,1.32,113.2301785120371,2.8158
2015-05-01,1082.3274999999999,0.99,0.74,3.0611,117.0163030013182,5,2015,0.95,3.0426,0.71,111.0729081015553,3.1389
2015-06-01,1096.9424999999999,1.07,0.79,3.1111,111.9650818038405,6,2015,0.99,3.0611,0.74,117.0163030013182,3.0426
2015-07-01,1105.3174999999999,1.18,0.62,3.2225,102.1171717149381,7,2015,1.07,3.1111,0.79,111.9650818038405,3.0611
2015-08-01,1110.9475,1.11,0.22,3.5137,100.6920908366999,8,2015,1.18,3.2225,0.62,102.1171717149381,3.1111
2015-09-01,1107.8899999999999,1.11,0.54,3.9058,100.7819389339017,9,2015,1.11,3.5137,0.22,100.6920908366999,3.2225
2015-10-01,1108.865,1.11,0.82,3.8795,98.07439194839968,10,2015,1.11,3.9058,0.54,100.7819389339017,3.5137
2015-11-01,1111.3125,1.06,1.01,3.7758,90.21397533158294,11,2015,1.11,3.8795,0.82,98.07439194839968,3.9058
2015-12-01,1109.2975,1.16,0.96,3.8705,86.01373840925157,12,2015,1.06,3.7758,1.01,90.21397533158294,3.8795
2016-01-01,1112.15,1.06,1.27,4.0517,85.25909451661389,1,2016,1.16,3.8705,0.96,86.01373840925157,3.7758
2016-02-01,1119.61,1.0,0.9,3.9731,89.32162594120777,2,2016,1.06,4.0517,1.27,85.25909451661389,3.8705
2016-03-01,1135.1599999999999,1.16,0.43,3.7033,96.92018545277648,3,2016,1.0,3.9731,0.9,89.32162594120777,4.0517
2016-04-01,1136.43,1.06,0.61,3.5652,99.06680727121044,4,2016,1.16,3.7033,0.43,96.92018545277648,3.9731
2016-05-01,1146.8175,1.11,0.78,3.5387,95.82934425318152,5,2016,1.06,3.5652,0.61,99.06680727121044,3.7033
2016-06-01,1164.015,1.16,0.35,3.4239,95.0139830372443,6,2016,1.11,3.5387,0.78,95.82934425318152,3.5652
2016-07-01,1163.8549999999998,1.11,0.52,3.275,100.4410181957191,7,2016,1.16,3.4239,0.35,95.0139830372443,3.5387
2016-08-01,1166.1025,1.22,0.44,3.2091,102.2409144675308,8,2016,1.11,3.275,0.52,100.4410181957191,3.4239
2016-09-01,1167.3875,1.11,0.08,3.2558,100.0072251420218,9,2016,1.22,3.2091,0.44,102.2409144675308,3.275
2016-10-01,1173.6725000000001,1.05,0.26,3.1852,101.1299789806381,10,2016,1.11,3.2558,0.08,100.0072251420218,3.2091
2016-11-01,1177.3225,1.04,0.18,3.3414,115.2364308107168,11,2016,1.05,3.1852,0.26,101.1299789806381,3.2558
2016-12-01,1179.595,1.12,0.3,3.3517,119.53339193113912,12,2016,1.04,3.3414,0.18,115.2364308107168,3.1852
2017-01-01,1181.2375,1.09,0.38,3.196,121.36834451190228,1,2017,1.12,3.3517,0.3,119.53339193113912,3.3414
2017-02-01,1182.31,0.87,0.33,3.1036,128.7232452223062,2,2017,1.09,3.196,0.38,121.36834451190228,3.3517
2017-03-01,1189.715,1.05,0.25,3.1273,127.214344582295,3,2017,0.87,3.1036,0.33,128.7232452223062,3.196
2017-04-01,1191.7125,0.79,0.14,3.1356,116.8921711444943,4,2017,1.05,3.1273,0.25,127.214344582295,3.1036
2017-05-01,1190.6075,0.93,0.31,3.2087,111.6654328431388,5,2017,0.79,3.1356,0.14,116.8921711444943,3.1273
2017-06-01,1194.5425,0.81,-0.23,3.2948,109.8600451586767,6,2017,0.93,3.2087,0.31,111.6654328431388,3.1356
2017-07-01,1206.63,0.8,0.24,3.2055,117.1869145979588,7,2017,0.81,3.2948,-0.23,109.8600451586767,3.2087
2017-08-01,1208.1675,0.8,0.19,3.1503,127.0156277229132,8,2017,0.8,3.2055,0.24,117.1869145979588,3.2948
2017-09-01,1208.825,0.64,0.16,3.1342,126.10273624276968,9,2017,0.8,3.1503,0.19,127.0156277229132,3.2055
2017-10-01,1211.6399999999999,0.64,0.42,3.1906,124.2335084586018,10,2017,0.64,3.1342,0.16,126.10273624276968,3.1503
2017-11-01,1214.8025,0.57,0.28,3.2587,125.7728762040841,11,2017,0.64,3.1906,0.42,124.2335084586018,3.1342
2017-12-01,1212.865,0.54,0.44,3.2913,130.2290493274248,12,2017,0.57,3.2587,0.28,125.7728762040841,3.1906
2018-01-01,1216.34,0.58,0.29,3.21,136.6115080519353,1,2018,0.54,3.2913,0.44,130.2290493274248,3.2587
2018-02-01,1216.74,0.47,0.32,3.2409,137.6190653342125,2,2018,0.58,3.21,0.29,136.6115080519353,3.2913
2018-03-01,1216.3025,0.53,0.09,3.2786,132.4664403136019,3,2018,0.47,3.2409,0.32,137.6190653342125,3.21
2018-04-01,1220.305,0.52,0.22,3.4069,133.8918471393117,4,2018,0.53,3.2786,0.09,132.4664403136019,3.2409
2018-05-01,1224.1299999999999,0.52,0.4,3.6355,134.34934211831467,5,2018,0.52,3.4069,0.22,133.8918471393117,3.2786
2018-06-01,1232.825,0.52,1.26,3.7726,135.3144988056345,6,2018,0.52,3.6355,0.4,134.34934211831467,3.4069
2018-07-01,1237.3725,0.54,0.33,3.8281,126.9083411017795,7,2018,0.52,3.7726,1.26,135.3144988056345,3.6355
2018-08-01,1242.7024999999999,0.57,-0.09,3.9292,125.0995405368026,8,2018,0.54,3.8281,0.33,126.9083411017795,3.7726
2018-09-01,1249.3725,0.47,0.48,4.1159,124.52451477350688,9,2018,0.57,3.9292,-0.09,125.0995405368026,3.8281
2018-10-01,1251.8700000000001,0.54,0.45,3.7578,127.6847564310816,10,2018,0.47,4.1159,0.48,124.52451477350688,3.9292
2018-11-01,1255.7924999999998,0.49,-0.21,3.786,125.888494012076,11,2018,0.54,3.7578,0.45,127.6847564310816,4.1159
2018-12-01,1249.2675,0.49,0.15,3.8844,123.0895266040551,12,2018,0.49,3.786,-0.21,125.888494012076,3.7578
2019-01-01,1261.5900000000001,0.54,0.32,3.7411,124.91860995130952,1,2019,0.49,3.8844,0.15,123.0895266040551,3.786
2019-02-01,1262.6675,0.49,0.43,3.723,134.6324659764544,2,2019,0.54,3.7411,0.32,124.91860995130952,3.8844
2019-03-01,1268.065,0.47,0.75,3.8459,136.2815413361636,3,2019,0.49,3.723,0.43,134.6324659764544,3.7411
2019-04-01,1267.2225,0.52,0.57,3.8956,139.8585741566248,4,2019,0.47,3.8459,0.75,136.2815413361636,3.723
2019-05-01,1268.465,0.54,0.13,4.0009,138.985526701999,5,2019,0.52,3.8956,0.57,139.8585741566248,3.8459
2019-06-01,1266.0049999999999,0.47,0.01,3.8582,141.4220055051098,6,2019,0.54,4.0009,0.13,138.985526701999,3.8956
2019-07-01,1278.3025,0.57,0.19,3.7787,147.8025201143547,7,2019,0.47,3.8582,0.01,141.4220055051098,4.0009
2019-08-01,1280.8,0.5,0.11,4.0194,133.2524303392829,8,2019,0.57,3.7787,0.19,147.8025201143547,3.8582
2019-09-01,1291.5425,0.46,-0.04,4.1209,134.7647757482926,9,2019,0.5,4.0194,0.11,133.2524303392829,3.7787
2019-10-01,1294.92,0.48,0.1,4.0864,132.5370833355732,10,2019,0.46,4.1209,-0.04,134.7647757482926,4.0194
2019-11-01,1295.165,0.38,0.51,4.1547,128.2989306570624,11,2019,0.48,4.0864,0.1,132.5370833355732,4.1209
2019-12-01,1297.1375,0.37,1.15,4.1089,131.0894988734248,12,2019,0.38,4.1547,0.51,128.2989306570624,4.0864
2020-01-01,1300.32,0.38,0.21,4.1489,133.0202790303663,1,2020,0.37,4.1089,1.15,131.0894988734248,4.1547
2020-02-01,1298.7150000000001,0.29,0.25,4.3404,125.7535643563866,2,2020,0.38,4.1489,0.21,133.0202790303663,4.1089
2020-03-01,1301.375,0.34,0.07,4.8832,121.5201847121395,3,2020,0.29,4.3404,0.25,125.7535643563866,4.1489
2020-04-01,1309.65,0.28,-0.31,5.325,116.0488112477066,4,2020,0.34,4.8832,0.07,121.5201847121395,4.3404
2020-05-01,1310.4325,0.24,-0.38,5.6429,121.2130333084573,5,2020,0.28,5.325,-0.31,116.0488112477066,4.8832
2020-06-01,1316.6125,0.21,0.26,5.196,132.2845942824797,6,2020,0.24,5.6429,-0.38,121.2130333084573,5.325
2020-07-01,1323.7849999999999,0.19,0.36,5.2796,139.9667944536335,7,2020,0.21,5.196,0.26,132.2845942824797,5.6429
2020-08-01,1333.2524999999998,0.16,0.24,5.4606,149.0719461447383,8,2020,0.19,5.2796,0.36,139.9667944536335,5.196
2020-09-01,1349.7975000000001,0.16,0.64,5.3989,152.0159741269372,9,2020,0.16,5.4606,0.24,149.0719461447383,5.2796
2020-10-01,1367.51,0.16,0.86,5.6252,150.9938476794079,10,2020,0.16,5.3989,0.64,152.0159741269372,5.4606
2020-11-01,1392.2525,0.15,0.89,5.4172,158.1579835058676,11,2020,0.16,5.6252,0.86,150.9938476794079,5.3989
2020-12-01,1418.085,0.16,1.35,5.1449,180.0733871499361,12,2020,0.15,5.4172,0.89,158.1579835058676,5.6252
2021-01-01,1446.2325,0.15,0.25,5.3556,189.5410458402907,1,2021,0.16,5.1449,1.35,180.0733871499361,5.4172
2021-02-01,1468.1,0.13,0.86,5.4159,192.65542047018727,2,2021,0.15,5.3556,0.25,189.5410458402907,5.1449
2021-03-01,1496.6725000000001,0.2,0.93,5.6455,198.608740784764,3,2021,0.13,5.4159,0.86,192.65542047018727,5.3556
2021-04-01,1522.0475,0.21,0.31,5.5615,208.1243878184243,4,2021,0.2,5.6455,0.93,198.608740784764,5.4159
2021-05-01,1563.7825,0.27,0.83,5.2904,229.0705484818748,5,2021,0.21,5.5615,0.31,208.1243878184243,5.6455
2021-06-01,1599.2025,0.31,0.53,5.0313,237.3870947685846,6,2021,0.27,5.2904,0.83,229.0705484818748,5.5615
2021-07-01,1633.6100000000001,0.36,0.96,5.156,238.7810370024504,7,2021,0.31,5.0313,0.53,237.3870947685846,5.2904
2021-08-01,1648.0500000000002,0.43,0.87,5.2511,212.2355404872419,8,2021,0.36,5.156,0.96,238.7810370024504,5.0313
2021-09-01,1657.8674999999998,0.44,1.16,5.2791,191.43006829347496,9,2021,0.43,5.2511,0.87,212.2355404872419,5.156
2021-10-01,1676.2,0.49,1.25,5.5394,196.4753899402824,10,2021,0.44,5.2791,1.16,191.43006829347496,5.2511
2021-11-01,1694.76,0.59,0.95,5.5563,180.05724415957727,11,2021,0.49,5.5394,1.25,196.4753899402824,5.2791
2021-12-01,1703.4250000000002,0.77,0.73,5.6506,190.58396255704756,12,2021,0.59,5.5563,0.95,180.05724415957727,5.5394
2022-01-01,1725.155,0.73,0.54,5.5335,208.8933851836495,1,2022,0.77,5.6506,0.73,190.58396255704756,5.5563
2022-02-01,1739.4125,0.76,1.01,5.196,216.64460836035636,2,2022,0.73,5.5335,0.54,208.8933851836495,5.6506
2022-03-01,1755.6174999999998,0.93,1.62,4.9678,233.42847735070436,3,2022,0.76,5.196,1.01,216.64460836035636,5.5335
2022-04-01,1772.16,0.83,1.06,4.7574,231.43584554654356,4,2022,0.93,4.9678,1.62,233.42847735070436,5.196
2022-05-01,1817.8125000000002,1.03,0.47,4.9545,208.08617077366696,5,2022,0.83,4.7574,1.06,231.43584554654356,4.9678
2022-06-01,1846.74,1.02,0.67,5.0486,200.2622399779942,6,2022,1.03,4.9545,0.47,208.08617077366696,4.7574
2022-07-01,1863.5100000000002,1.03,-0.68,5.3675,172.466826235548,7,2022,1.02,5.0486,0.67,200.2622399779942,4.9545
2022-08-01,1875.9625,1.17,-0.36,5.1427,174.73724084513233,8,2022,1.03,5.3675,-0.68,172.466826235548,5.0486
2022-09-01,1877.0049999999999,1.07,-0.29,5.2364,165.8642200249799,9,2022,1.17,5.1427,-0.36,174.73724084513233,5.3675
2022-10-01,1877.8200000000002,1.02,0.59,5.2497,161.6126370699917,10,2022,1.07,5.2364,-0.29,165.8642200249799,5.1427
2022-11-01,1874.55,1.02,0.41,5.2741,169.0055196568296,11,2022,1.02,5.2497,0.59,161.6126370699917,5.2364
2022-12-01,1874.4125,1.12,0.62,5.2418,184.3043734158582,12,2022,1.02,5.2741,0.41,169.0055196568296,5.2497
2023-01-01,1880.2150000000001,1.12,0.53,5.2001,198.8194563357004,1,2023,1.12,5.2418,0.62,184.3043734158582,5.2741
2023-02-01,1884.365,0.92,0.84,5.1711,209.10457820614528,2,2023,1.12,5.2001,0.53,198.8194563357004,5.2418
2023-03-01,1882.79,1.17,0.71,5.2109,203.5814020866452,3,2023,0.92,5.1711,0.84,209.10457820614528,5.2001
2023-04-01,1896.9,0.92,0.61,5.0191,195.53035810838688,4,2023,1.17,5.2109,0.71,203.5814020866452,5.1711
2023-05-01,1903.06,1.12,0.23,4.9822,178.1842808380114,5,2023,0.92,5.0191,0.61,195.53035810838688,5.2109
2023-06-01,1917.54,1.07,-0.08,4.851,178.97604642106,6,2023,1.12,4.9822,0.23,178.1842808380114,5.0191
2023-07-01,1925.2575,1.07,0.12,4.8002,179.8834643987132,7,2023,1.07,4.851,-0.08,178.97604642106,4.9822
2023-08-01,1923.9,1.14,0.23,4.9029,176.2164645821637,8,2023,1.07,4.8002,0.12,179.8834643987132,4.851
2023-09-01,1917.4125,0.97,0.26,4.9364,182.7288188718962,9,2023,1.14,4.9029,0.23,176.2164645821637,4.8002
2023-10-01,1918.0149999999999,1.0,0.24,5.0642,180.1839588310302,10,2023,0.97,4.9364,0.26,182.7288188718962,4.9029
2023-11-01,1916.535,0.92,0.28,4.8977,188.32253499183807,11,2023,1.0,5.0642,0.24,180.1839588310302,4.9364
2023-12-01,1921.3974999999998,0.89,0.56,4.8966,191.03945878936196,12,2023,0.92,4.8977,0.28,188.32253499183807,5.0642
2024-01-01,1918.045,0.97,0.42,4.9138,189.8361399474966,1,2024,0.89,4.8966,0.56,191.03945878936196,4.8977
2024-02-01,1924.3300000000002,0.8,0.83,4.9638,184.57060014065672,2,2024,0.97,4.9138,0.42,189.8361399474966,4.8966
2024-03-01,1927.2024999999999,0.83,0.16,4.9795,179.2875447848166,3,2024,0.8,4.9638,0.83,184.57060014065672,4.9138
2024-04-01,1937.6650000000002,0.89,0.38,5.1285,189.15322951019448,4,2024,0.83,4.9795,0.16,179.2875447848166,4.9638
2024-05-01,1942.7199999999998,0.83,0.46,5.1324,199.58616782183776,5,2024,0.89,5.1285,0.38,189.15322951019448,4.9795
2024-06-01,1953.2375,0.79,0.21,5.3884,187.81540247035807,6,2024,0.83,5.1324,0.46,199.58616782183776,5.1285
2024-07-01,1957.08,0.91,0.38,5.5414,183.4349155636151,7,2024,0.79,5.3884,0.21,187.81540247035807,5.1324
2024-08-01,1963.9475,0.87,-0.02,5.552,176.8445467643885,8,2024,0.91,5.5414,0.38,183.4349155636151,5.3884
2024-09-01,1970.1425,0.84,0.44,5.541,177.2439903102326,9,2024,0.87,5.552,-0.02,176.8445467643885,5.5414
2024-10-01,1980.65,0.93,0.56,5.6235,186.9642157265438,10,2024,0.84,5.541,0.44,177.2439903102326,5.552
2024-11-01,1988.875,0.79,0.39,5.8065,182.576294205388,11,2024,0.93,5.6235,0.56,186.9642157265438,5.541
2024-12-01,1990.365,0.93,0.52,6.0964,182.0807119373278,12,2024,0.79,5.8065,0.39,182.576294205388,5.6235
