OBRAS_ID;CLIENTE_ID;USINA_ID
1;1952;29
2;1627;87
3;1322;23
4;1656;67
5;303;74
6;1770;7
7;805;13
8;612;67
9;1160;62
10;190;99
11;1437;28
12;275;12
13;1006;2
14;1676;87
15;816;16
16;1063;82
17;745;83
18;1169;60
19;1155;69
20;469;5
21;1438;89
22;1358;9
23;728;91
24;1651;45
25;537;24
26;1884;42
27;1602;53
28;1679;74
29;1033;3
30;1415;81
31;1979;86
32;717;6
33;230;64
34;403;92
35;20;64
36;1180;24
37;376;49
38;1256;97
39;903;73
40;971;16
41;1270;94
42;1662;74
43;700;16
44;1571;94
45;1004;92
46;373;53
47;691;13
48;967;42
49;686;43
50;1794;7
51;1483;58
52;235;41
53;1502;87
54;1026;20
55;734;74
56;1499;23
57;357;38
58;742;19
59;235;7
60;1163;20
61;1409;62
62;860;21
63;927;13
64;316;31
65;1434;23
66;1341;62
67;653;78
68;1870;63
69;1487;66
70;1285;8
71;1896;5
72;1554;75
73;530;71
74;941;2
75;63;37
76;778;65
77;230;15
78;338;48
79;1886;40
80;1909;62
81;14;35
82;1050;8
83;976;65
84;1516;51
85;1754;56
86;891;34
87;754;98
88;418;22
89;1443;57
90;1863;4
91;1005;61
92;785;38
93;1151;82
94;303;47
95;1476;66
96;1509;9
97;1843;45
98;577;66
99;1930;86
100;611;89
101;1316;90
102;1581;18
103;937;22
104;769;7
105;1401;62
106;1305;97
107;1794;20
108;1084;68
109;1072;44
110;693;77
111;576;59
112;21;23
113;1237;49
114;1726;13
115;1130;45
116;1559;71
117;1421;33
118;1032;62
119;1859;89
120;1932;73
121;494;83
122;527;98
123;627;6
124;267;40
125;138;80
126;1750;75
127;1233;85
128;617;83
129;331;21
130;1389;16
131;604;43
132;1252;62
133;1790;24
134;52;1
135;42;60
136;522;27
137;327;25
138;177;86
139;402;8
140;1836;13
141;1040;76
142;1773;100
143;1094;50
144;1538;94
145;1932;95
146;1198;86
147;1972;1
148;1083;72
149;1147;56
150;986;79
151;485;17
152;887;40
153;1730;94
154;1391;76
155;1966;13
156;180;81
157;1034;71
158;1527;38
159;445;64
160;982;27
161;518;87
162;948;39
163;1106;67
164;721;50
165;1246;94
166;113;39
167;734;46
168;1851;30
169;1639;57
170;400;26
171;1099;11
172;218;65
173;861;72
174;834;72
175;1446;41
176;705;38
177;1956;79
178;861;24
179;470;34
180;1605;96
181;701;41
182;1932;97
183;1087;10
184;1380;94
185;1262;43
186;126;38
187;1103;51
188;752;22
189;376;41
190;680;12
191;1902;37
192;1476;47
193;682;85
194;712;50
195;1078;24
196;1551;47
197;1116;95
198;1658;63
199;1201;52
200;496;46
201;1559;60
202;1983;59
203;1913;13
204;1987;22
205;1734;22
206;235;23
207;977;64
208;1356;80
209;1618;84
210;1923;17
211;715;52
212;840;84
213;552;43
214;1381;35
215;1657;19
216;1962;66
217;1746;84
218;900;45
219;1483;33
220;1194;77
221;183;99
222;1686;82
223;1268;30
224;126;72
225;873;93
226;666;91
227;1081;27
228;534;63
229;1225;25
230;123;36
231;1223;92
232;854;35
233;1316;7
234;66;65
235;806;22
236;670;96
237;507;40
238;899;68
239;1877;46
240;1672;51
241;25;95
242;1764;20
243;1920;49
244;1907;100
245;1681;37
246;1835;62
247;568;14
248;1200;10
249;1027;54
250;1861;84
251;397;1
252;1758;16
253;1815;85
254;848;90
255;1873;83
256;1622;88
257;722;51
258;1106;68
259;421;93
260;590;75
261;274;87
262;1337;98
263;1124;71
264;148;93
265;486;99
266;1932;63
267;1750;93
268;981;3
269;1972;68
270;367;28
271;1514;22
272;604;5
273;1494;55
274;1286;89
275;1144;78
276;854;50
277;397;72
278;299;94
279;1703;99
280;1322;100
281;971;3
282;1114;8
283;1411;97
284;1636;42
285;1857;3
286;1732;82
287;538;87
288;1836;40
289;878;34
290;801;81
291;1764;39
292;840;35
293;27;94
294;1725;48
295;1556;30
296;856;8
297;1164;56
298;1321;89
299;1095;51
300;1346;20
301;30;4
302;1241;82
303;1616;72
304;1377;28
305;1224;27
306;279;7
307;1529;65
308;1893;53
309;1137;50
310;1843;46
311;1674;100
312;241;21
313;1146;98
314;183;79
315;1849;52
316;925;58
317;1702;50
318;1914;79
319;1077;61
320;411;39
321;597;94
322;783;51
323;166;54
324;756;65
325;1639;5
326;1639;4
327;1330;38
328;82;19
329;1974;84
330;1498;83
331;961;87
332;1173;5
333;1213;64
334;890;14
335;1652;78
336;943;3
337;253;7
338;1720;85
339;237;65
340;1579;96
341;966;85
342;613;92
343;960;54
344;1832;4
345;1331;40
346;1806;47
347;1312;67
348;229;99
349;562;18
350;1902;36
351;1367;70
352;1751;18
353;1723;34
354;910;53
355;532;2
356;1991;32
357;390;83
358;1978;82
359;1910;51
360;587;66
361;1731;1
362;1042;9
363;1825;20
364;1612;76
365;1535;48
366;471;19
367;615;86
368;1887;88
369;1805;93
370;1172;55
371;919;1
372;447;53
373;373;85
374;147;90
375;1748;99
376;954;45
377;1017;71
378;1101;7
379;1201;90
380;52;48
381;87;19
382;66;26
383;1948;9
384;729;5
385;1065;39
386;1679;13
387;275;14
388;501;97
389;1495;82
390;331;80
391;1074;85
392;680;44
393;1312;5
394;647;13
395;463;63
396;4;43
397;1497;3
398;242;32
399;680;41
400;1166;61
401;71;2
402;1358;82
403;387;35
404;140;27
405;584;3
406;1565;62
407;321;24
408;1938;99
409;76;10
410;1733;88
411;1339;73
412;992;60
413;1882;32
414;317;73
415;1879;59
416;873;12
417;687;63
418;1225;98
419;1828;45
420;831;21
421;999;93
422;473;85
423;764;62
424;1067;63
425;1123;37
426;1674;76
427;89;95
428;384;2
429;1830;97
430;871;80
431;468;57
432;1685;5
433;1033;1
434;1995;19
435;1395;18
436;1853;73
437;24;48
438;673;84
439;941;16
440;838;40
441;572;47
442;671;52
443;1348;52
444;1868;55
445;1250;94
446;109;81
447;685;16
448;1783;66
449;389;22
450;1701;34
451;1053;91
452;1265;5
453;1292;97
454;621;46
455;1607;94
456;1040;43
457;1214;53
458;1331;16
459;317;40
460;1661;95
461;1285;40
462;1360;60
463;64;41
464;523;24
465;381;50
466;588;36
467;606;99
468;1602;96
469;301;7
470;1431;59
471;1515;7
472;299;68
473;1857;82
474;771;95
475;1187;18
476;248;42
477;551;55
478;1009;47
479;493;84
480;1748;44
481;1563;16
482;1154;20
483;1903;23
484;135;21
485;1412;50
486;698;94
487;1284;38
488;1519;58
489;1707;45
490;1921;65
491;527;24
492;1770;70
493;333;25
494;396;76
495;801;87
496;1830;62
497;391;35
498;1674;82
499;1808;3
500;417;8
501;1056;51
502;1067;27
503;1881;82
504;543;17
505;862;51
506;101;1
507;1864;98
508;583;7
509;1672;49
510;93;40
511;929;71
512;1932;13
513;361;80
514;891;64
515;1518;89
516;902;4
517;430;91
518;1594;17
519;54;100
520;122;49
521;1946;46
522;1615;59
523;47;98
524;1986;84
525;747;14
526;1131;55
527;528;58
528;180;21
529;931;5
530;1173;56
531;1048;62
532;107;24
533;1760;81
534;1995;91
535;1085;13
536;1403;78
537;1312;59
538;1396;79
539;366;29
540;1392;33
541;500;44
542;368;61
543;558;32
544;216;73
545;1779;86
546;593;30
547;1694;32
548;191;52
549;108;53
550;1257;32
551;747;76
552;578;8
553;1911;43
554;1341;96
555;1295;55
556;153;99
557;152;14
558;1338;75
559;1380;26
560;60;42
561;1577;77
562;1246;100
563;974;70
564;1617;32
565;1600;98
566;701;75
567;1480;39
568;1263;69
569;1514;62
570;390;15
571;827;42
572;1516;72
573;1841;48
574;1853;50
575;305;38
576;1445;13
577;1082;25
578;507;66
579;979;29
580;1142;68
581;367;71
582;1058;77
583;10;72
584;642;81
585;422;37
586;117;80
587;1225;68
588;509;34
589;1171;61
590;966;71
591;882;73
592;305;75
593;205;98
594;949;44
595;1096;2
596;1225;93
597;1029;10
598;70;81
599;854;23
600;1278;29
601;1998;13
602;641;66
603;1937;5
604;750;63
605;1530;36
606;1949;73
607;1649;85
608;1605;99
609;1881;70
610;978;77
611;685;57
612;507;55
613;890;47
614;517;7
615;517;18
616;1086;88
617;1110;15
618;1269;46
619;1026;21
620;1796;76
621;587;9
622;1744;77
623;1714;86
624;1549;71
625;1763;21
626;947;39
627;327;96
628;588;69
629;1994;18
630;841;94
631;965;21
632;1770;98
633;771;52
634;1495;87
635;1944;93
636;918;95
637;1272;25
638;63;45
639;874;11
640;1993;73
641;1544;33
642;1557;4
643;466;39
644;1526;39
645;1210;3
646;39;99
647;326;49
648;1326;95
649;489;99
650;1252;68
651;43;25
652;659;48
653;1899;92
654;450;38
655;1112;6
656;1890;10
657;1264;73
658;1083;56
659;34;97
660;988;13
661;1413;81
662;1690;25
663;1259;1
664;728;13
665;1107;8
666;813;60
667;1423;36
668;1959;55
669;25;20
670;1574;79
671;1299;70
672;1033;81
673;1766;72
674;1708;72
675;1743;9
676;1780;17
677;1631;30
678;869;50
679;955;99
680;1217;64
681;521;12
682;1945;53
683;1938;17
684;1438;60
685;257;14
686;696;78
687;1628;61
688;708;94
689;1110;98
690;1268;75
691;722;4
692;961;48
693;1269;74
694;1732;30
695;1152;71
696;389;95
697;1152;79
698;1781;16
699;1069;26
700;1540;12
701;1399;86
702;962;24
703;59;7
704;240;1
705;362;65
706;1251;82
707;238;25
708;27;50
709;587;99
710;1222;99
711;1931;22
712;1811;25
713;1130;92
714;1415;7
715;802;25
716;457;74
717;426;28
718;471;37
719;1584;49
720;1732;1
721;770;90
722;455;61
723;493;78
724;370;11
725;662;76
726;1593;97
727;1185;88
728;1029;38
729;1652;74
730;236;12
731;1491;92
732;1365;22
733;1612;48
734;1970;49
735;1734;10
736;705;10
737;1495;42
738;1622;45
739;1649;85
740;650;96
741;1207;99
742;1821;68
743;759;61
744;1916;97
745;329;57
746;1770;93
747;665;89
748;220;95
749;336;4
750;274;64
751;1170;40
752;1139;40
753;428;89
754;82;80
755;1629;100
756;1515;8
757;216;49
758;1092;87
759;1584;49
760;680;10
761;1766;23
762;906;32
763;1309;44
764;1809;89
765;238;38
766;827;38
767;924;49
768;651;61
769;577;7
770;171;95
771;1273;64
772;1874;45
773;507;67
774;222;34
775;1237;52
776;298;58
777;1981;9
778;248;40
779;743;74
780;803;71
781;662;21
782;67;16
783;1179;29
784;770;97
785;509;52
786;388;41
787;384;38
788;780;36
789;183;62
790;440;10
791;935;83
792;1923;31
793;1440;9
794;265;27
795;296;51
796;998;11
797;1346;57
798;532;49
799;397;83
800;367;15
801;343;87
802;1654;66
803;10;89
804;242;95
805;1751;90
806;1593;87
807;1214;87
808;1417;52
809;1362;52
810;673;79
811;1999;95
812;272;67
813;1271;91
814;494;92
815;1881;75
816;913;85
817;1705;83
818;994;86
819;180;57
820;1652;27
821;1645;26
822;1272;84
823;815;50
824;972;60
825;752;36
826;829;80
827;1386;12
828;119;99
829;964;85
830;340;42
831;1990;34
832;1458;90
833;1308;97
834;4;68
835;639;84
836;788;27
837;1824;1
838;834;44
839;1107;85
840;301;60
841;990;43
842;697;93
843;1957;9
844;1514;48
845;1945;57
846;394;67
847;1054;76
848;909;51
849;573;18
850;1307;75
851;1386;53
852;446;47
853;354;60
854;1507;97
855;1370;21
856;241;87
857;195;5
858;1891;36
859;1562;4
860;1085;42
861;39;12
862;1867;13
863;1390;4
864;373;58
865;326;32
866;1423;96
867;330;45
868;278;94
869;1484;52
870;732;68
871;972;15
872;4;45
873;401;11
874;582;41
875;679;82
876;669;54
877;143;74
878;868;24
879;588;53
880;1136;78
881;1570;65
882;370;84
883;1114;87
884;252;60
885;1774;85
886;1483;86
887;601;98
888;1460;14
889;1801;47
890;1132;89
891;282;29
892;1310;84
893;1837;72
894;489;81
895;512;20
896;1663;74
897;459;98
898;1852;92
899;765;20
900;1925;11
901;1530;98
902;470;82
903;1264;55
904;1567;75
905;526;34
906;743;13
907;1176;55
908;1220;54
909;1835;29
910;831;93
911;1184;61
912;457;77
913;23;73
914;1020;8
915;1407;29
916;904;71
917;354;90
918;703;89
919;357;87
920;826;29
921;955;90
922;446;42
923;569;96
924;1842;88
925;1165;58
926;1297;59
927;385;80
928;713;5
929;281;49
930;370;15
931;175;67
932;1990;63
933;1633;18
934;1310;57
935;1423;62
936;80;61
937;1878;26
938;899;34
939;1413;76
940;653;35
941;1388;48
942;1738;61
943;604;100
944;1274;70
945;1325;55
946;1729;32
947;1480;35
948;1325;26
949;1141;11
950;1300;31
951;1053;59
952;1615;77
953;166;17
954;1319;29
955;1332;80
956;848;25
957;891;21
958;1353;96
959;310;87
960;1250;3
961;1136;95
962;880;78
963;1721;74
964;483;11
965;1862;45
966;885;36
967;447;83
968;1374;56
969;1028;54
970;1517;95
971;1944;53
972;531;97
973;1974;67
974;1352;61
975;656;32
976;1826;7
977;285;96
978;620;51
979;374;97
980;1746;12
981;1847;33
982;670;91
983;157;34
984;1706;37
985;1110;37
986;1844;46
987;24;16
988;773;58
989;1087;72
990;425;21
991;1596;54
992;244;76
993;743;4
994;14;64
995;591;13
996;647;59
997;509;75
998;416;54
999;600;49
1000;830;66
1001;1204;29
1002;1647;59
1003;783;29
1004;1720;77
1005;341;57
1006;555;80
1007;516;33
1008;350;35
1009;626;38
1010;712;1
1011;80;82
1012;1895;36
1013;1938;62
1014;295;16
1015;1440;6
1016;103;8
1017;373;73
1018;58;16
1019;591;24
1020;547;32
1021;795;18
1022;1166;70
1023;996;37
1024;1617;87
1025;1926;100
1026;299;24
1027;846;12
1028;1028;81
1029;12;92
1030;1571;88
1031;1174;57
1032;932;9
1033;1704;65
1034;981;31
1035;1796;23
1036;1121;95
1037;1366;16
1038;1005;75
1039;1313;21
1040;1107;58
1041;787;76
1042;458;16
1043;1658;57
1044;27;65
1045;601;43
1046;28;11
1047;1919;38
1048;1076;14
1049;1245;83
1050;1306;33
1051;1804;100
1052;1263;13
1053;1732;21
1054;96;78
1055;1072;58
1056;1519;65
1057;1410;10
1058;1778;14
1059;151;51
1060;1921;35
1061;396;96
1062;250;13
1063;1012;36
1064;1820;13
1065;1416;44
1066;163;7
1067;1520;21
1068;1984;4
1069;178;76
1070;698;61
1071;1285;32
1072;928;17
1073;1676;37
1074;1163;95
1075;1316;82
1076;352;19
1077;1202;63
1078;811;45
1079;736;80
1080;1295;49
1081;1810;78
1082;329;22
1083;743;61
1084;1201;80
1085;1156;61
1086;72;7
1087;1875;86
1088;394;92
1089;1994;6
1090;959;69
1091;944;49
1092;1406;1
1093;702;45
1094;1612;30
1095;602;9
1096;1641;86
1097;1444;56
1098;1680;43
1099;1163;21
1100;1638;4
1101;1767;51
1102;716;94
1103;796;23
1104;1215;10
1105;1598;35
1106;889;92
1107;990;40
1108;1877;83
1109;273;72
1110;11;20
1111;1559;26
1112;1681;77
1113;1985;80
1114;860;82
1115;1955;7
1116;1934;7
1117;1604;93
1118;1945;4
1119;1751;29
1120;485;91
1121;1038;20
1122;1672;82
1123;654;12
1124;163;92
1125;24;5
1126;1500;23
1127;1784;74
1128;792;50
1129;1996;71
1130;149;7
1131;424;7
1132;505;68
1133;1916;70
1134;1614;81
1135;1169;73
1136;1777;88
1137;1700;23
1138;904;12
1139;1404;82
1140;685;82
1141;1197;49
1142;1521;44
1143;848;16
1144;686;17
1145;1278;100
1146;586;71
1147;110;89
1148;1012;45
1149;253;74
1150;94;23
1151;338;36
1152;250;35
1153;552;5
1154;1916;61
1155;844;26
1156;1724;61
1157;176;8
1158;820;93
1159;835;27
1160;647;79
1161;1526;59
1162;1592;77
1163;88;29
1164;857;47
1165;1995;28
1166;1990;59
1167;937;54
1168;671;91
1169;1415;2
1170;128;26
1171;1403;67
1172;1413;16
1173;695;32
1174;342;86
1175;862;69
1176;445;8
1177;632;94
1178;721;40
1179;1838;35
1180;531;83
1181;554;92
1182;154;99
1183;1366;11
1184;777;8
1185;1143;24
1186;1280;67
1187;703;100
1188;1411;1
1189;1027;19
1190;1083;41
1191;243;97
1192;1182;46
1193;941;27
1194;1854;80
1195;598;47
1196;535;18
1197;775;42
1198;1094;33
1199;1452;83
1200;384;31
1201;1642;6
1202;942;53
1203;777;35
1204;1200;19
1205;1214;51
1206;464;69
1207;1079;21
1208;1042;37
1209;964;85
1210;438;53
1211;285;55
1212;1171;61
1213;1951;37
1214;601;10
1215;45;100
1216;1912;70
1217;1456;67
1218;996;76
1219;239;34
1220;1757;52
1221;1935;10
1222;1235;63
1223;1810;58
1224;928;23
1225;207;62
1226;154;4
1227;1780;83
1228;1478;82
1229;1368;43
1230;248;11
1231;394;21
1232;627;54
1233;1328;68
1234;587;93
1235;1511;100
1236;815;17
1237;1386;61
1238;259;13
1239;529;90
1240;1472;19
1241;207;11
1242;1146;44
1243;1928;73
1244;1112;3
1245;450;33
1246;1169;11
1247;1343;47
1248;124;28
1249;1551;81
1250;130;65
1251;649;66
1252;708;73
1253;935;45
1254;78;3
1255;1647;15
1256;341;19
1257;1437;33
1258;1000;68
1259;1177;53
1260;1474;42
1261;1091;95
1262;857;72
1263;1831;28
1264;1688;77
1265;1202;56
1266;192;69
1267;1194;81
1268;1706;12
1269;1864;19
1270;819;50
1271;1940;58
1272;839;62
1273;1619;10
1274;1348;45
1275;378;16
1276;1304;50
1277;1490;13
1278;1743;46
1279;1330;37
1280;474;78
1281;75;68
1282;1286;2
1283;1843;21
1284;1997;2
1285;1968;75
1286;1711;28
1287;1744;51
1288;1824;1
1289;1827;18
1290;312;61
1291;1869;4
1292;1196;6
1293;1121;22
1294;761;41
1295;961;30
1296;1981;40
1297;1170;26
1298;404;72
1299;1793;83
1300;275;8
1301;1229;50
1302;422;81
1303;1214;1
1304;433;1
1305;814;59
1306;893;12
1307;1654;99
1308;1023;26
1309;866;26
1310;1809;11
1311;1283;52
1312;399;81
1313;1014;28
1314;1833;6
1315;1649;21
1316;58;15
1317;605;60
1318;1999;88
1319;697;80
1320;207;54
1321;530;100
1322;317;15
1323;884;1
1324;1691;97
1325;1218;92
1326;1868;22
1327;767;47
1328;75;73
1329;546;94
1330;1204;82
1331;362;7
1332;296;80
1333;94;57
1334;844;30
1335;504;25
1336;412;28
1337;209;56
1338;884;3
1339;1433;97
1340;1069;80
1341;1449;66
1342;1739;5
1343;1624;65
1344;880;42
1345;1552;6
1346;250;65
1347;355;84
1348;895;68
1349;1594;64
1350;693;73
1351;247;24
1352;1384;76
1353;1858;54
1354;626;38
1355;802;47
1356;1511;24
1357;1942;42
1358;82;65
1359;797;27
1360;1999;27
1361;724;52
1362;496;100
1363;1893;52
1364;1678;5
1365;1260;75
1366;1168;80
1367;1712;17
1368;1094;51
1369;1175;3
1370;1526;47
1371;722;95
1372;46;31
1373;1385;1
1374;1720;31
1375;773;30
1376;1539;15
1377;1340;98
1378;674;6
1379;1649;12
1380;568;5
1381;1246;57
1382;188;49
1383;126;96
1384;1610;74
1385;803;9
1386;1644;89
1387;44;40
1388;1661;13
1389;1664;16
1390;599;32
1391;769;8
1392;1207;64
1393;860;60
1394;1709;96
1395;699;43
1396;106;72
1397;233;62
1398;232;85
1399;19;13
1400;356;1
1401;1096;13
1402;1425;81
1403;1632;39
1404;1785;32
1405;125;2
1406;1011;32
1407;1276;87
1408;286;28
1409;428;71
1410;624;56
1411;16;1
1412;51;94
1413;1209;85
1414;2000;90
1415;909;74
1416;1169;64
1417;1324;68
1418;264;32
1419;1329;13
1420;49;44
1421;474;5
1422;1598;88
1423;1129;32
1424;459;77
1425;1949;91
1426;1626;36
1427;412;1
1428;341;55
1429;1280;43
1430;196;27
1431;646;52
1432;734;19
1433;554;46
1434;1941;9
1435;1912;22
1436;306;47
1437;860;95
1438;569;72
1439;312;79
1440;449;34
1441;1499;64
1442;995;22
1443;1910;97
1444;769;84
1445;1660;83
1446;995;99
1447;747;97
1448;1932;41
1449;118;20
1450;1505;54
1451;1177;4
1452;1035;13
1453;1280;7
1454;1513;41
1455;1239;63
1456;1947;57
1457;595;59
1458;398;24
1459;1820;94
1460;1307;64
1461;1212;78
1462;1717;65
1463;292;26
1464;533;98
1465;230;29
1466;1819;97
1467;1638;90
1468;1240;89
1469;1101;64
1470;1653;6
1471;1239;55
1472;1175;54
1473;377;9
1474;1000;3
1475;1653;1
1476;1527;16
1477;1474;61
1478;355;22
1479;1626;58
1480;1873;64
1481;653;62
1482;76;16
1483;350;75
1484;1362;4
1485;1901;50
1486;1775;33
1487;41;43
1488;185;83
1489;1738;87
1490;1542;76
1491;1265;6
1492;156;52
1493;534;75
1494;37;66
1495;440;58
1496;143;40
1497;1849;38
1498;536;69
1499;698;41
1500;1872;84
1501;874;32
1502;1397;100
1503;1699;11
1504;34;87
1505;335;40
1506;1767;47
1507;1019;32
1508;1355;90
1509;599;29
1510;1245;70
1511;774;90
1512;871;97
1513;634;49
1514;1333;23
1515;1391;23
1516;1948;71
1517;1765;61
1518;711;41
1519;1743;31
1520;1314;89
1521;875;88
1522;175;95
1523;1018;55
1524;725;54
1525;37;4
1526;950;25
1527;1169;70
1528;1920;87
1529;269;23
1530;1845;10
1531;1256;10
1532;1172;98
1533;1715;60
1534;467;26
1535;1821;43
1536;169;69
1537;298;91
1538;1953;72
1539;897;84
1540;109;23
1541;1191;28
1542;577;50
1543;1771;94
1544;1673;27
1545;1869;27
1546;1418;25
1547;1028;92
1548;1134;94
1549;1422;30
1550;1280;15
1551;592;13
1552;1193;92
1553;1640;66
1554;124;80
1555;419;7
1556;120;23
1557;731;16
1558;1995;49
1559;369;93
1560;787;70
1561;1531;54
1562;1026;17
1563;113;9
1564;289;38
1565;647;22
1566;1979;87
1567;1310;42
1568;1666;14
1569;1615;14
1570;1099;75
1571;1348;48
1572;186;64
1573;1652;50
1574;1229;61
1575;476;83
1576;1790;67
1577;235;9
1578;397;36
1579;230;5
1580;1724;88
1581;1069;14
1582;1176;92
1583;817;4
1584;494;8
1585;36;41
1586;1034;86
1587;1934;77
1588;1279;46
1589;1128;96
1590;1797;68
1591;448;58
1592;1118;80
1593;378;47
1594;858;52
1595;427;67
1596;742;78
1597;542;68
1598;1866;70
1599;520;35
1600;145;50
1601;1748;1
1602;1185;43
1603;1198;56
1604;769;69
1605;612;94
1606;704;2
1607;473;1
1608;26;43
1609;216;61
1610;1535;100
1611;18;80
1612;461;78
1613;303;50
1614;456;8
1615;1714;65
1616;983;49
1617;1956;66
1618;1906;87
1619;533;71
1620;1084;63
1621;953;31
1622;1601;67
1623;1639;12
1624;1041;74
1625;176;78
1626;1936;70
1627;1457;94
1628;391;86
1629;1470;75
1630;292;74
1631;1540;10
1632;1643;90
1633;130;82
1634;1146;38
1635;537;95
1636;1980;81
1637;1298;51
1638;1311;60
1639;1728;78
1640;1904;18
1641;387;12
1642;586;89
1643;345;36
1644;1551;73
1645;1100;83
1646;144;34
1647;180;53
1648;807;82
1649;1729;84
1650;1077;42
1651;2000;46
1652;802;35
1653;625;52
1654;58;85
1655;1840;7
1656;1880;86
1657;479;79
1658;1204;2
1659;88;4
1660;517;16
1661;130;5
1662;1275;100
1663;524;57
1664;509;30
1665;1953;28
1666;778;3
1667;1428;24
1668;1390;73
1669;699;50
1670;331;61
1671;1384;43
1672;1685;78
1673;596;81
1674;524;69
1675;1528;3
1676;1129;97
1677;1799;90
1678;876;66
1679;424;2
1680;1727;63
1681;1055;38
1682;1408;65
1683;419;46
1684;1497;99
1685;1427;28
1686;7;71
1687;10;75
1688;1696;73
1689;756;71
1690;785;60
1691;287;24
1692;1551;40
1693;184;25
1694;1783;48
1695;65;74
1696;1685;21
1697;304;28
1698;28;25
1699;1344;61
1700;1144;18
1701;133;22
1702;515;15
1703;872;29
1704;760;73
1705;348;94
1706;336;4
1707;939;72
1708;40;86
1709;1065;27
1710;663;19
1711;1547;83
1712;1670;15
1713;270;99
1714;1811;61
1715;549;44
1716;85;91
1717;1600;20
1718;1651;87
1719;1021;50
1720;724;28
1721;962;8
1722;1381;86
1723;1368;40
1724;1179;99
1725;227;13
1726;1480;38
1727;950;25
1728;408;45
1729;1485;5
1730;624;73
1731;910;87
1732;1607;80
1733;632;67
1734;1760;59
1735;133;8
1736;891;61
1737;1081;34
1738;982;30
1739;1570;61
1740;1653;32
1741;655;65
1742;714;26
1743;891;89
1744;671;37
1745;360;78
1746;370;86
1747;765;70
1748;1570;65
1749;1062;65
1750;586;74
1751;1915;99
1752;1909;79
1753;142;4
1754;329;73
1755;1232;84
1756;1437;12
1757;874;63
1758;1208;28
1759;1588;34
1760;943;56
1761;1045;7
1762;916;48
1763;1392;31
1764;1666;25
1765;1824;34
1766;1004;77
1767;386;28
1768;1852;57
1769;650;19
1770;1306;80
1771;1695;43
1772;746;65
1773;1257;1
1774;1278;61
1775;527;59
1776;1036;65
1777;1344;58
1778;955;77
1779;479;92
1780;751;69
1781;1997;30
1782;1444;71
1783;13;36
1784;802;42
1785;903;38
1786;1741;85
1787;238;47
1788;1536;71
1789;1788;13
1790;94;2
1791;984;67
1792;1436;81
1793;37;76
1794;1591;99
1795;325;11
1796;627;92
1797;1927;2
1798;1998;74
1799;1947;72
1800;1268;29
1801;1139;4
1802;845;36
1803;100;76
1804;1508;51
1805;931;90
1806;1505;49
1807;252;14
1808;1633;96
1809;1587;58
1810;682;86
1811;1796;52
1812;868;32
1813;869;99
1814;830;36
1815;1311;44
1816;1891;39
1817;1485;55
1818;222;32
1819;1395;37
1820;1910;34
1821;1286;45
1822;82;100
1823;753;42
1824;312;96
1825;533;81
1826;1069;35
1827;1735;44
1828;576;3
1829;1165;71
1830;1964;33
1831;1285;28
1832;1112;13
1833;1222;57
1834;847;3
1835;239;26
1836;1074;19
1837;411;83
1838;1928;88
1839;720;45
1840;986;64
1841;350;60
1842;1846;28
1843;1131;94
1844;215;20
1845;1904;42
1846;463;8
1847;69;43
1848;1232;32
1849;1113;62
1850;1378;14
1851;1007;84
1852;1801;23
1853;495;4
1854;1224;58
1855;1175;18
1856;1974;11
1857;687;76
1858;1763;1
1859;200;97
1860;226;36
1861;883;32
1862;1387;42
1863;1373;6
1864;352;2
1865;361;95
1866;862;40
1867;1858;42
1868;540;24
1869;1346;77
1870;401;78
1871;694;61
1872;829;30
1873;1298;87
1874;1647;38
1875;469;23
1876;1076;96
1877;1675;3
1878;1114;58
1879;884;14
1880;973;9
1881;698;5
1882;1984;3
1883;1279;37
1884;694;67
1885;1077;65
1886;1127;61
1887;1933;62
1888;1270;71
1889;105;61
1890;1436;70
1891;2;48
1892;1965;86
1893;1926;56
1894;1965;94
1895;492;11
1896;1830;72
1897;786;5
1898;1406;69
1899;285;72
1900;1990;16
1901;1155;89
1902;1331;2
1903;354;66
1904;1287;3
1905;546;80
1906;1007;16
1907;1386;92
1908;1203;95
1909;846;58
1910;1362;7
1911;853;50
1912;1888;52
1913;1856;7
1914;814;9
1915;1572;38
1916;616;83
1917;1456;79
1918;1695;35
1919;1189;67
1920;1956;23
1921;1270;43
1922;1286;57
1923;263;35
1924;878;76
1925;1758;94
1926;114;30
1927;1906;7
1928;1648;90
1929;1071;19
1930;1835;62
1931;777;96
1932;1393;17
1933;1229;46
1934;1170;37
1935;1943;91
1936;1367;99
1937;763;69
1938;312;96
1939;1257;23
1940;937;3
1941;628;96
1942;1789;1
1943;225;74
1944;1591;75
1945;802;14
1946;345;43
1947;392;52
1948;317;30
1949;926;22
1950;727;79
1951;135;33
1952;1571;76
1953;670;60
1954;808;15
1955;540;73
1956;1753;10
1957;73;13
1958;1809;80
1959;1634;68
1960;546;85
1961;1318;36
1962;1333;78
1963;1624;64
1964;523;28
1965;659;67
1966;1967;72
1967;450;87
1968;1153;22
1969;680;100
1970;1145;86
1971;1232;91
1972;1913;1
1973;1646;49
1974;1425;24
1975;517;46
1976;274;61
1977;249;33
1978;1334;43
1979;334;89
1980;1104;18
1981;1251;80
1982;1725;40
1983;1810;65
1984;1981;10
1985;1211;52
1986;1729;4
1987;1722;7
1988;1391;64
1989;1612;70
1990;796;92
1991;818;96
1992;497;80
1993;1765;17
1994;1598;15
1995;565;95
1996;1548;39
1997;882;42
1998;1222;98
1999;77;57
2000;861;29
2001;522;37
2002;1195;79
2003;1143;50
2004;1686;36
2005;429;24
2006;1901;98
2007;675;57
2008;491;19
2009;285;10
2010;564;6
2011;874;60
2012;737;65
2013;1291;90
2014;74;31
2015;619;39
2016;1697;49
2017;1049;95
2018;993;94
2019;103;6
2020;567;93
2021;827;59
2022;982;62
2023;36;10
2024;934;28
2025;680;22
2026;439;93
2027;1249;37
2028;532;52
2029;298;59
2030;916;87
2031;1061;42
2032;1440;40
2033;1298;38
2034;830;25
2035;871;15
2036;265;54
2037;1200;30
2038;918;65
2039;507;51
2040;55;3
2041;1943;57
2042;1644;18
2043;640;80
2044;65;16
2045;1145;96
2046;1360;33
2047;309;80
2048;402;55
2049;843;80
2050;1298;17
2051;576;47
2052;1550;58
2053;974;72
2054;1514;6
2055;1560;17
2056;1603;3
2057;1603;81
2058;625;86
2059;25;5
2060;735;26
2061;804;98
2062;536;72
2063;259;30
2064;1482;89
2065;1391;99
2066;575;24
2067;252;63
2068;9;82
2069;135;65
2070;496;23
2071;572;50
2072;218;41
2073;932;60
2074;844;25
2075;1788;79
2076;219;22
2077;983;87
2078;1995;73
2079;1873;35
2080;1701;3
2081;348;17
2082;1979;22
2083;247;42
2084;642;15
2085;1719;54
2086;29;37
2087;1424;87
2088;1715;100
2089;1365;45
2090;318;79
2091;1959;99
2092;759;29
2093;832;78
2094;734;43
2095;1320;92
2096;1623;98
2097;1626;4
2098;414;50
2099;1831;23
2100;99;19
2101;1543;10
2102;835;69
2103;171;1
2104;1784;66
2105;786;4
2106;1895;46
2107;66;31
2108;564;83
2109;1349;24
2110;1957;26
2111;822;99
2112;1646;30
2113;1962;75
2114;361;4
2115;741;33
2116;1199;87
2117;1556;31
2118;953;22
2119;909;57
2120;127;72
2121;1628;99
2122;124;57
2123;1081;8
2124;1827;88
2125;1281;86
2126;1325;31
2127;1704;12
2128;1593;25
2129;825;74
2130;930;39
2131;407;31
2132;1578;11
2133;610;17
2134;301;76
2135;1653;36
2136;1244;28
2137;1701;15
2138;1544;69
2139;753;32
2140;1;39
2141;422;92
2142;1721;36
2143;184;16
2144;832;30
2145;306;4
2146;391;6
2147;1236;57
2148;302;81
2149;472;52
2150;1737;90
2151;25;87
2152;1782;70
2153;498;62
2154;1712;82
2155;1286;43
2156;692;3
2157;404;43
2158;1000;28
2159;1184;14
2160;1638;69
2161;1155;44
2162;843;56
2163;1031;1
2164;1188;43
2165;1274;62
2166;767;68
2167;1122;9
2168;1412;28
2169;298;27
2170;537;58
2171;1085;22
2172;691;46
2173;1370;41
2174;1354;47
2175;923;30
2176;1011;78
2177;357;3
2178;1175;2
2179;440;76
2180;1483;41
2181;1332;67
2182;902;10
2183;616;87
2184;1485;97
2185;753;28
2186;1954;43
2187;968;22
2188;1010;1
2189;997;15
2190;1096;1
2191;233;99
2192;1316;89
2193;1083;11
2194;923;14
2195;364;57
2196;1985;95
2197;631;60
2198;229;28
2199;1330;77
2200;1399;32
2201;626;97
2202;1534;50
2203;1038;22
2204;927;100
2205;30;89
2206;1059;20
2207;1649;12
2208;383;19
2209;98;81
2210;912;38
2211;1330;46
2212;234;63
2213;1407;100
2214;21;4
2215;619;47
2216;665;5
2217;876;46
2218;1581;47
2219;343;57
2220;1549;20
2221;751;3
2222;403;45
2223;1987;98
2224;324;89
2225;1603;91
2226;678;17
2227;1696;58
2228;830;28
2229;1812;47
2230;1090;17
2231;547;77
2232;1288;13
2233;280;43
2234;946;33
2235;1419;30
2236;1660;88
2237;503;22
2238;1818;47
2239;1315;55
2240;131;52
2241;1032;55
2242;1246;87
2243;663;37
2244;535;79
2245;1951;81
2246;661;14
2247;500;79
2248;192;43
2249;798;25
2250;294;5
2251;1559;85
2252;1622;6
2253;1524;20
2254;312;48
2255;1614;72
2256;809;22
2257;841;46
2258;1386;28
2259;1859;52
2260;1286;78
2261;1961;22
2262;241;27
2263;809;85
2264;1265;12
2265;413;93
2266;1484;89
2267;1849;55
2268;835;44
2269;759;77
2270;1987;88
2271;842;82
2272;144;41
2273;962;91
2274;230;21
2275;1151;25
2276;824;55
2277;1754;46
2278;1523;97
2279;442;1
2280;892;15
2281;1958;82
2282;719;56
2283;469;70
2284;761;89
2285;552;49
2286;1154;89
2287;494;38
2288;1441;58
2289;1698;77
2290;33;13
2291;1295;94
2292;1682;14
2293;432;1
2294;1555;19
2295;4;98
2296;774;76
2297;1923;65
2298;1905;15
2299;997;96
2300;1694;89
2301;1695;82
2302;859;14
2303;1710;19
2304;1274;64
2305;877;47
2306;100;21
2307;946;39
2308;249;13
2309;722;28
2310;477;32
2311;430;77
2312;315;55
2313;492;58
2314;410;78
2315;966;59
2316;649;18
2317;688;24
2318;112;29
2319;1858;94
2320;1964;21
2321;1588;44
2322;1186;19
2323;425;84
2324;1740;41
2325;1772;91
2326;932;81
2327;742;34
2328;744;31
2329;36;86
2330;887;80
2331;1789;56
2332;305;15
2333;1560;65
2334;553;50
2335;456;95
2336;971;32
2337;419;1
2338;43;29
2339;1353;89
2340;302;62
2341;1575;51
2342;1164;1
2343;960;51
2344;1382;37
2345;1106;75
2346;1551;17
2347;331;35
2348;444;99
2349;1173;66
2350;453;76
2351;181;38
2352;829;64
2353;849;53
2354;101;68
2355;192;11
2356;1644;48
2357;1562;25
2358;1219;37
2359;1397;85
2360;1328;32
2361;271;10
2362;442;85
2363;556;44
2364;976;24
2365;1121;71
2366;346;100
2367;816;33
2368;965;41
2369;1989;36
2370;1484;44
2371;1766;89
2372;1019;55
2373;1121;2
2374;1318;37
2375;1032;9
2376;1063;63
2377;651;39
2378;165;99
2379;1626;79
2380;995;54
2381;621;69
2382;725;21
2383;1095;53
2384;1901;70
2385;1868;59
2386;1102;24
2387;664;58
2388;1566;32
2389;1632;68
2390;1629;32
2391;544;99
2392;1199;74
2393;1729;83
2394;260;81
2395;410;61
2396;1389;69
2397;1794;32
2398;1655;21
2399;1377;92
2400;1599;14
2401;1632;38
2402;1411;1
2403;1791;71
2404;716;32
2405;1473;83
2406;1087;16
2407;1983;17
2408;163;2
2409;311;62
2410;1956;58
2411;1944;16
2412;1013;89
2413;1109;3
2414;662;63
2415;1636;7
2416;1436;74
2417;979;40
2418;178;41
2419;1278;4
2420;513;88
2421;943;21
2422;590;12
2423;1714;19
2424;1293;78
2425;325;95
2426;995;86
2427;902;76
2428;1622;56
2429;256;19
2430;1992;45
2431;1648;8
2432;189;49
2433;1245;2
2434;51;57
2435;350;32
2436;729;97
2437;1626;20
2438;925;47
2439;1916;12
2440;294;36
2441;990;40
2442;1587;26
2443;371;85
2444;1004;47
2445;1317;49
2446;715;86
2447;1511;88
2448;975;60
2449;222;14
2450;939;61
2451;24;47
2452;1111;66
2453;1291;87
2454;182;23
2455;107;49
2456;625;1
2457;509;57
2458;1208;56
2459;946;50
2460;740;39
2461;505;45
2462;830;82
2463;1691;15
2464;1271;7
2465;1295;8
2466;1141;41
2467;902;48
2468;1100;90
2469;1416;76
2470;1363;27
2471;1804;7
2472;76;63
2473;1741;36
2474;467;16
2475;451;29
2476;674;39
2477;27;17
2478;1428;13
2479;432;4
2480;482;46
2481;1056;7
2482;1715;60
2483;1671;70
2484;737;40
2485;282;28
2486;571;27
2487;1731;44
2488;1057;66
2489;565;86
2490;1552;57
2491;251;79
2492;72;100
2493;513;50
2494;1380;53
2495;1621;57
2496;297;47
2497;1788;43
2498;1855;16
2499;1575;67
2500;768;57
2501;377;1
2502;1033;4
2503;1023;79
2504;1585;77
2505;86;35
2506;309;81
2507;1028;28
2508;1012;94
2509;748;78
2510;1688;80
2511;1004;83
2512;1781;55
2513;702;35
2514;468;74
2515;912;43
2516;1231;18
2517;1862;79
2518;617;40
2519;1359;52
2520;1375;2
2521;743;13
2522;1613;72
2523;1171;4
2524;323;60
2525;1849;65
2526;821;37
2527;330;100
2528;1515;73
2529;1828;9
2530;1924;67
2531;615;99
2532;124;78
2533;333;42
2534;1547;19
2535;1175;53
2536;1420;10
2537;152;85
2538;289;1
2539;955;79
2540;1194;88
2541;945;70
2542;293;92
2543;1101;59
2544;287;32
2545;1738;21
2546;1027;90
2547;1199;45
2548;683;80
2549;122;18
2550;561;50
2551;43;37
2552;1408;98
2553;1472;73
2554;715;69
2555;1113;77
2556;611;18
2557;936;10
2558;1766;43
2559;423;93
2560;464;89
2561;1517;5
2562;663;86
2563;1862;92
2564;196;3
2565;467;87
2566;1521;86
2567;1899;70
2568;630;20
2569;1681;11
2570;1620;94
2571;744;76
2572;1113;47
2573;1449;53
2574;596;14
2575;497;77
2576;386;11
2577;1057;97
2578;1485;90
2579;1565;6
2580;769;22
2581;1540;26
2582;1611;24
2583;151;24
2584;649;3
2585;1604;27
2586;327;42
2587;1558;44
2588;1907;29
2589;44;41
2590;1572;74
2591;71;27
2592;308;91
2593;449;96
2594;1435;10
2595;1594;37
2596;1403;49
2597;188;99
2598;217;72
2599;1580;25
2600;131;68
2601;779;47
2602;1284;81
2603;850;59
2604;240;50
2605;1960;36
2606;340;71
2607;636;84
2608;1294;48
2609;1088;85
2610;1583;54
2611;180;41
2612;1595;20
2613;1816;29
2614;655;27
2615;1855;19
2616;705;63
2617;329;44
2618;1365;49
2619;1455;55
2620;1755;54
2621;1538;52
2622;1337;23
2623;1487;1
2624;1494;16
2625;1699;68
2626;423;93
2627;1062;10
2628;1369;3
2629;1288;42
2630;683;55
2631;366;64
2632;1763;37
2633;159;31
2634;1827;7
2635;230;95
2636;10;34
2637;281;78
2638;1546;78
2639;337;62
2640;1779;48
2641;543;49
2642;33;26
2643;5;4
2644;1966;23
2645;753;8
2646;874;39
2647;700;69
2648;1026;67
2649;800;75
2650;1404;14
2651;1575;40
2652;699;56
2653;1578;40
2654;1645;13
2655;1326;98
2656;1725;68
2657;563;99
2658;853;29
2659;786;72
2660;579;63
2661;738;84
2662;163;37
2663;626;63
2664;1789;11
2665;1507;30
2666;1396;10
2667;1282;38
2668;1035;70
2669;274;100
2670;1104;11
2671;1347;5
2672;1884;41
2673;495;91
2674;1763;6
2675;476;38
2676;1298;81
2677;1729;79
2678;1049;88
2679;68;14
2680;1499;60
2681;1509;16
2682;1837;64
2683;976;6
2684;1632;1
2685;618;62
2686;1893;93
2687;1409;39
2688;1287;3
2689;342;17
2690;873;8
2691;1601;46
2692;889;99
2693;249;74
2694;1467;40
2695;1468;59
2696;1258;50
2697;38;56
2698;464;83
2699;469;98
2700;1662;9
2701;1033;1
2702;1830;12
2703;189;45
2704;1798;12
2705;217;78
2706;1059;72
2707;866;23
2708;680;68
2709;1468;35
2710;998;63
2711;253;51
2712;490;5
2713;1535;84
2714;275;19
2715;906;84
2716;110;63
2717;129;95
2718;1327;32
2719;531;27
2720;1905;86
2721;1993;31
2722;1875;30
2723;48;11
2724;1326;100
2725;1903;75
2726;1155;15
2727;1219;49
2728;583;28
2729;926;92
2730;1900;24
2731;1092;93
2732;924;99
2733;1102;85
2734;1926;28
2735;1110;64
2736;944;73
2737;1209;47
2738;106;70
2739;667;77
2740;1155;23
2741;574;54
2742;1326;75
2743;729;25
2744;1918;93
2745;56;13
2746;1121;8
2747;1154;38
2748;1374;65
2749;560;57
2750;1266;56
2751;782;83
2752;527;89
2753;1878;42
2754;152;19
2755;209;29
2756;1332;16
2757;1697;57
2758;776;74
2759;1846;14
2760;1574;6
2761;631;63
2762;303;100
2763;314;95
2764;1839;44
2765;1156;49
2766;656;70
2767;1995;49
2768;1831;45
2769;1460;64
2770;1522;79
2771;431;64
2772;1797;70
2773;1806;94
2774;1218;62
2775;1965;27
2776;1821;78
2777;1337;45
2778;1332;84
2779;243;39
2780;1781;44
2781;63;72
2782;721;88
2783;261;68
2784;1228;9
2785;1742;87
2786;44;89
2787;455;79
2788;1343;4
2789;1227;1
2790;1698;57
2791;40;100
2792;393;65
2793;664;53
2794;895;98
2795;1957;39
2796;1661;66
2797;1276;76
2798;1309;52
2799;739;82
2800;148;53
2801;1763;60
2802;387;42
2803;1907;32
2804;840;87
2805;279;98
2806;175;84
2807;916;17
2808;634;47
2809;1954;20
2810;453;11
2811;1991;4
2812;1972;45
2813;222;81
2814;983;18
2815;566;12
2816;1674;46
2817;902;2
2818;189;39
2819;1736;58
2820;251;67
2821;583;80
2822;1211;65
2823;684;97
2824;281;27
2825;1274;80
2826;718;37
2827;319;89
2828;362;45
2829;1008;84
2830;1969;28
2831;830;63
2832;203;55
2833;278;47
2834;98;72
2835;430;43
2836;1627;60
2837;1809;68
2838;1414;5
2839;1116;74
2840;116;46
2841;632;95
2842;463;78
2843;766;90
2844;1267;25
2845;1445;17
2846;1341;1
2847;859;23
2848;417;71
2849;993;96
2850;186;64
2851;1364;76
2852;483;52
2853;1479;50
2854;246;30
2855;1210;47
2856;1123;47
2857;471;93
2858;630;98
2859;1321;34
2860;625;79
2861;311;66
2862;1520;92
2863;743;65
2864;721;12
2865;1912;26
2866;1068;78
2867;510;60
2868;1902;56
2869;1978;47
2870;1451;74
2871;648;64
2872;1681;59
2873;528;24
2874;1169;78
2875;99;63
2876;1198;56
2877;640;89
2878;657;45
2879;1351;91
2880;172;100
2881;374;79
2882;477;94
2883;1605;10
2884;1679;10
2885;1010;50
2886;1893;15
2887;101;21
2888;735;16
2889;362;17
2890;1958;94
2891;1478;78
2892;1045;33
2893;1019;79
2894;1540;86
2895;1873;12
2896;4;48
2897;490;79
2898;1509;4
2899;391;24
2900;1778;48
2901;1418;70
2902;1657;35
2903;937;80
2904;885;63
2905;851;37
2906;1534;1
2907;1575;80
2908;1929;73
2909;35;30
2910;1296;45
2911;687;42
2912;819;95
2913;1634;53
2914;1263;42
2915;724;18
2916;1918;63
2917;682;91
2918;1250;63
2919;1597;13
2920;1077;91
2921;1734;4
2922;1708;83
2923;1703;31
2924;296;22
2925;747;49
2926;1810;60
2927;1161;17
2928;474;21
2929;168;80
2930;579;33
2931;382;76
2932;1553;34
2933;1365;99
2934;471;35
2935;550;81
2936;297;13
2937;1663;53
2938;1551;3
2939;1009;29
2940;925;55
2941;1232;93
2942;1257;59
2943;1849;30
2944;1368;34
2945;1039;6
2946;991;75
2947;705;60
2948;449;100
2949;1529;55
2950;1789;61
2951;181;91
2952;844;8
2953;1860;74
2954;1849;96
2955;1523;71
2956;1357;48
2957;807;10
2958;1378;84
2959;291;88
2960;1385;54
2961;1430;35
2962;1002;23
2963;1426;69
2964;1543;21
2965;1180;88
2966;1610;30
2967;563;78
2968;145;45
2969;500;15
2970;1226;21
2971;274;65
2972;632;34
2973;214;61
2974;769;22
2975;1757;54
2976;1579;50
2977;4;63
2978;494;53
2979;1640;18
2980;839;71
2981;688;28
2982;665;28
2983;1015;39
2984;1581;15
2985;1533;96
2986;1435;52
2987;1432;17
2988;940;82
2989;326;35
2990;22;83
2991;649;10
2992;514;86
2993;1433;96
2994;1421;6
2995;326;14
2996;1775;27
2997;890;17
2998;1093;19
2999;1057;52
3000;235;37
